SampleID	hg_rna	Rank	q_rna	Range	Not_Found_Polys	Found_Polys	Remaining_Polys	AAC_In_Remainings	Input_Sample	run_accession	arm	sample_title	bioproject	hg_dna	q_dna	exact	match_1	match_2	match_3
ERR188039_A	H1e1a	1	0.9407	1-16569		263G 750G 1438G 3010A 4769G 5460A 8512G 8860G 14902T 15326G	16172C (localPrivateMutation) 16312G (localPrivateMutation) 16519C (hotspot)		263G 750G 1438G 3010A 4769G 5460A 8512G 8860G 14902T 15326G 16172C 16312G 16519C	ERR188039	A	NA12144	PRJEB3366	H1e1a	0.9407	True	True	True	True
ERR188043_A	U5b1b1a	1	0.9853	1-16569		73G 150T 263G 750G 1438G 2706G 3197C 4769G 5656G 7028T 7385G 7768G 8860G 9477A 10927C 11467G 11719A 12308G 12372A 12618A 13617C 14182C 14766T 15326G 16144C 16189C 16192T! 16270T	310C (localPrivateMutation)		73G 150T 263G 310C 750G 1438G 2706G 3197C 4769G 5656G 7028T 7385G 7768G 8860G 9477A 10927C 11467G 11719A 12308G 12372A 12618A 13617C 14182C 14766T 15326G 16144C 16189C 16270T	ERR188043	A	HG00384	PRJEB3366	U5b1b1a	1.0	True	True	True	True
ERR188044_A	L1b1a3b	1	0.9816	1-16569	189G 7521A	73G 152C 182T 185T 195C 247A 263G 357G 709A 710C 750G 769A 825A 1018A 1438G! 1719A 1738C 2352C 2706G 2758A 2768G 2885C 3308C 3594T 3666A 3693A 4104G 4216C 4769G 5036G 5046A 5393C 5655C 6548T 6827C 6989G 7028T 7055G 7146G 7256T 7389C 7867T 8248G 8468T 8655T 8701G 8860G 9540C 10398G 10688A 10810C 10873C 11719A 12519C 12705T 13105G 13506T 13650T 13789C 13880A 13980A 14178C 14203G 14560A 14766T 14769G 15115C 15301A! 15326G 16126C 16129A! 16187T 16189C 16223T 16264T 16270T 16278T 16293G 16311C	146C (localPrivateMutation) 11015G (localPrivateMutation) 16519C (hotspot)	11015G [S86G| Codon 1 | ND4 ]	73G 146C 152C 182T 185T 195C 247A 263G 357G 709A 710C 750G 769A 825A 1018A 1719A 1738C 2352C 2706G 2758A 2768G 2885C 3308C 3594T 3666A 3693A 4104G 4216C 4769G 5036G 5046A 5393C 5655C 6548T 6827C 6989G 7028T 7055G 7146G 7256T 7389C 7867T 8248G 8468T 8655T 8701G 8860G 9540C 10398G 10688A 10810C 10873C 11015G 11719A 12519C 12705T 13105G 13506T 13650T 13789C 13880A 13980A 14178C 14203G 14560A 14766T 14769G 15115C 15326G 16126C 16187T 16189C 16223T 16264T 16270T 16278T 16293G 16311C 16519C	ERR188044	A	NA18498	PRJEB3366	L1b1a3b	0.9868	True	True	True	True
ERR188045_A	U4a2	1	0.9649	1-16569		73G 195C 263G 310C 499A 750G 1438G 1811G 2706G 4646C 4769G 5999C 6047G 7028T 8818T 8860G 11332T 11467G 11719A 12308G 12372A 14620T 14766T 15326G 15693C 16356C	3736A (localPrivateMutation) 16344T (localPrivateMutation) 16362C (localPrivateMutation) 16519C (hotspot)	3736A [V144I| Codon 1 | ND1 ]	73G 195C 263G 310C 499A 750G 1438G 1811G 2706G 3736A 4646C 4769G 5999C 6047G 7028T 8818T 8860G 11332T 11467G 11719A 12308G 12372A 14620T 14766T 15326G 15693C 16344T 16356C 16362C 16519C	ERR188045	A	HG00321	PRJEB3366	U4a2	0.9649	True	True	True	True
ERR188047_A	U5b2a1a1	1	1.0	1-16569		73G 150T 263G 750G 896G 1438G 1721T 2706G 3197C 4732G 4769G 7028T 7768G 8860G 9477A 11467G 11719A 12308G 12372A 13617C 13637G 14182C 14766T 15326G 15511C 16189C! 16192T 16270T! 16311C			73G 150T 263G 750G 896G 1438G 1721T 2706G 3197C 4732G 4769G 7028T 7768G 8860G 9477A 11467G 11719A 12308G 12372A 13617C 13637G 14182C 14766T 15326G 15511C 16192T 16311C	ERR188047	A	NA06994	PRJEB3366	U5b2a1a1	1.0	True	True	True	True
ERR188055_A	L3e3b	1	0.9711	1-16569		73G 150T 195C 263G 750G! 1438G 2000T 2352C 2706G 4655A 4769G 5262A 6524C 7028T 8701G 8860G 9540C 9554A 10398G 10667C 10816G 10819G 10873C 11719A 12248G 12705T 13101C 13197T 13651G 14212C 14766T 15301A 15326G 15812A 16223T 16265T	9524G (localPrivateMutation) 12358G (localPrivateMutation) 16093C (localPrivateMutation) 16519C (hotspot)	12358G [T8A| Codon 1 | ND5 ]	73G 150T 195C 263G 1438G 2000T 2352C 2706G 4655A 4769G 5262A 6524C 7028T 8701G 8860G 9524G 9540C 9554A 10398G 10667C 10816G 10819G 10873C 11719A 12248G 12358G 12705T 13101C 13197T 13651G 14212C 14766T 15301A 15326G 15812A 16093C 16223T 16265T 16519C	ERR188055	A	NA19171	PRJEB3366	L3e3b	0.9711	True	True	True	True
ERR188061_A	U5b1e*	1	1.0	1-16569		73G 150T 152C 189G 195C 263G 750G 1438G 2706G 3197C 3511T 4769G 5656G 7028T 7768G 8860G 9477A 11467G 11719A 12308G 12372A 13617C 14182C 14766T 15122G 15326G 16172C 16189C 16192T! 16270T 16274A 16311C 16465T	16519C (hotspot)		73G 150T 152C 189G 195C 263G 750G 1438G 2706G 3197C 3511T 4769G 5656G 7028T 7768G 8860G 9477A 11467G 11719A 12308G 12372A 13617C 14182C 14766T 15122G 15326G 16172C 16189C 16270T 16274A 16311C 16465T 16519C	ERR188061	A	NA12761	PRJEB3366	U5b1e*	1.0	True	True	True	True
ERR188065_A	H24a	1	0.9593	1-16569		263G 750G 1438G 3333T 4769G 8860G 15326G 16293G	310C (localPrivateMutation) 16519C (hotspot)		263G 310C 750G 1438G 3333T 4769G 8860G 15326G 16293G 16519C	ERR188065	A	HG00149	PRJEB3366	H24a	1.0	True	True	True	True
ERR188096_A	L1b1a15	1	0.9899	1-16569	7521A 16264T	73G 152C 182T 185T 189G 195C 247A 263G 357G 709A 710C 750G 769A 825A 1018A 1438G! 1738C 2352C 2706G 2758A 2768G 2885C 3308C 3594T 3666A 3693A 4104G 4769G 5036G 5046A 5393C 5655C 6548T 6827C 6989G 7028T 7055G 7146G 7256T 7389C 7867T 8248G 8468T 8655T 8701G 8860G 9540C 10398G 10688A 10810C 10873C 11719A 12519C 12705T 13105G 13506T 13650T 13789C 13880A 14178C 14203G 14560A 14766T 14769G 15077A 15103T 15115C 15301A! 15326G 16126C 16129A! 16187T 16189C 16223T 16270T 16278T 16293G 16311C	7492T (globalPrivateMutation) 16519C (hotspot)		73G 152C 182T 185T 189G 195C 247A 263G 357G 709A 710C 750G 769A 825A 1018A 1738C 2352C 2706G 2758A 2768G 2885C 3308C 3594T 3666A 3693A 4104G 4769G 5036G 5046A 5393C 5655C 6548T 6827C 6989G 7028T 7055G 7146G 7256T 7389C 7492T 7867T 8248G 8468T 8655T 8701G 8860G 9540C 10398G 10688A 10810C 10873C 11719A 12519C 12705T 13105G 13506T 13650T 13789C 13880A 14178C 14203G 14560A 14766T 14769G 15077A 15103T 15115C 15326G 16126C 16187T 16189C 16223T 16270T 16278T 16293G 16311C 16519C	ERR188096	A	NA18933	PRJEB3366	L1b1a15	0.995	True	True	True	True
ERR188097_A	L2a1f	1	0.9742	1-16569	7521A 16223T	73G 146C 150T! 152C 182T! 195C 263G 750G 769A 1018A 1438G 2416C 2706G 2789T 3594T 4104G 4769G 5581G 7028T 7175C 7256T 7274T 7771G 8206A 8701G 8860G 9221G 9540C 10115C 10398G 10873C 11719A 11914A 11944C 12693G 12705T 13590A 13650T 13803G 14566G 14766T 15301A 15326G 15784C 16189C 16192T 16278T 16294T 16309G 16311C! 16390A	310C (localPrivateMutation) 16519C (hotspot)		73G 146C 152C 195C 263G 310C 750G 769A 1018A 1438G 2416C 2706G 2789T 3594T 4104G 4769G 5581G 7028T 7175C 7256T 7274T 7771G 8206A 8701G 8860G 9221G 9540C 10115C 10398G 10873C 11719A 11914A 11944C 12693G 12705T 13590A 13650T 13803G 14566G 14766T 15301A 15326G 15784C 16189C 16192T 16278T 16294T 16309G 16390A 16519C	ERR188097	A	NA18511	PRJEB3366	L2a1f	0.9914	True	True	True	True
ERR188099_A	U5a2c3a	1	0.9493	1-16569		73G 263G 750G 1438G 2706G 3197C 4769G 7028T 7960C 8860G 9477A 10619T 10709C 11465C 11467G 11719A 12308G 12372A 13617C 14766T 14793G 15326G 16192T! 16256T 16270T 16526A	310C (localPrivateMutation) 1703T (localPrivateMutation) 7269A (localPrivateMutation) 15559G (globalPrivateMutation)	7269A [V456M| Codon 1 | COX1 ]	73G 263G 310C 750G 1438G 1703T 2706G 3197C 4769G 7028T 7269A 7960C 8860G 9477A 10619T 10709C 11465C 11467G 11719A 12308G 12372A 13617C 14766T 14793G 15326G 15559G 16256T 16270T 16526A	ERR188099	A	NA12843	PRJEB3366	U5a2c3a	0.9623	True	True	True	True
ERR188122_A	T1a6	1	0.969	1-16569	16186T	73G 263G 709A 750G 1438G 1888A 2706G 3867T 4216C 4769G 4917G 7028T 8697A 8860G 10376G 10463C 11251G 11719A 12633A 13368A 14766T 14905A 15326G 15452A 15607G 15928A 16126C 16163G 16189C 16294T	310C (localPrivateMutation) 16519C (hotspot)		73G 263G 310C 709A 750G 1438G 1888A 2706G 3867T 4216C 4769G 4917G 7028T 8697A 8860G 10376G 10463C 11251G 11719A 12633A 13368A 14766T 14905A 15326G 15452A 15607G 15928A 16126C 16163G 16189C 16294T 16519C	ERR188122	A	NA11894	PRJEB3366	T1a6	0.9709	True	True	True	True
ERR188158_A	L3e2b1a2	1	0.9075	1-16569		73G 150T 195C 263G 750G 1438G 2352C 2483C 2706G 3277A 4769G 7028T 8701G 8860G 9377G 9540C 10398G 10819G 10873C 11719A 12406A 12705T 14212C 14766T 14905A 15301A 15326G 16172C 16189C 16223T 16320T	282C (localPrivateMutation) 709A (localPrivateMutation) 4386C (localPrivateMutation) 6167C (localPrivateMutation) 14180C (localPrivateMutation) 15344C (localPrivateMutation) 15355A (localPrivateMutation) 16519C (hotspot)	14180C [Y165C| Codon 2 | ND6 ]	73G 150T 195C 263G 282C 709A 750G 1438G 2352C 2483C 2706G 3277A 4386C 4769G 6167C 7028T 8701G 8860G 9377G 9540C 10398G 10819G 10873C 11719A 12406A 12705T 14180C 14212C 14766T 14905A 15301A 15326G 15344C 15355A 16172C 16189C 16223T 16320T 16519C	ERR188158	A	NA18502	PRJEB3366	L3e2b1a2	0.9075	True	True	True	True
ERR188214_A	L1b1a	1	0.9768	1-16569	16293G	73G 152C 182T 185T 195C 247A 263G 357G 709A 710C 750G 769A 825A 1018A 1438G! 1738C 2352C 2706G 2758A 2768G 2885C 3308C 3594T 3666A 3693A 4104G 4769G 5036G 5046A 5393C 5655C 6548T 6827C 6989G 7028T 7055G 7146G 7256T 7389C 7521A 7867T 8248G 8468T 8655T 8701G 8860G 9540C 10398G 10688A 10810C 10873C 11719A 12519C 12705T 13105G 13506T 13650T 13789C 13880A 14178C 14203G 14560A 14766T 14769G 15115C 15301A! 15326G 16126C 16129A! 16187T 16189C 16223T 16264T 16270T 16278T 16311C	310C (localPrivateMutation) 7022C (localPrivateMutation) 16294T (localPrivateMutation) 16519C (hotspot)		73G 152C 182T 185T 195C 247A 263G 310C 357G 709A 710C 750G 769A 825A 1018A 1738C 2352C 2706G 2758A 2768G 2885C 3308C 3594T 3666A 3693A 4104G 4769G 5036G 5046A 5393C 5655C 6548T 6827C 6989G 7022C 7028T 7055G 7146G 7256T 7389C 7521A 7867T 8248G 8468T 8655T 8701G 8860G 9540C 10398G 10688A 10810C 10873C 11719A 12519C 12705T 13105G 13506T 13650T 13789C 13880A 14178C 14203G 14560A 14766T 14769G 15115C 15326G 16126C 16187T 16189C 16223T 16264T 16270T 16278T 16294T 16311C 16519C	ERR188214	A	NA18486	PRJEB3366	L1b1a	0.9823	True	True	True	True
ERR188225_A	L2a1b2	1	0.9573	1-16569	7521A 16309G	73G 146C 150T! 152C 182T! 195C 263G 750G 769A 1018A 1438G 2416C 2706G 2789T 3594T 4104G 4769G 7028T 7175C 7256T 7274T 7771G 8116G 8206A 8701G 8860G 9221G 9540C 10115C 10143A 10398G 10873C 11719A 11914A 11944C 12693G 12705T 13590A 13650T 13803G 14566G 14766T 15301A 15326G 15784C 16189C 16192T 16223T 16278T 16294T 16311C! 16390A	215G (localPrivateMutation) 14034C (localPrivateMutation) 16352C (localPrivateMutation) 16519C (hotspot)		73G 146C 152C 195C 215G 263G 750G 769A 1018A 1438G 2416C 2706G 2789T 3594T 4104G 4769G 7028T 7175C 7256T 7274T 7771G 8116G 8206A 8701G 8860G 9221G 9540C 10115C 10143A 10398G 10873C 11719A 11914A 11944C 12693G 12705T 13590A 13650T 13803G 14034C 14566G 14766T 15301A 15326G 15784C 16189C 16192T 16223T 16278T 16294T 16352C 16390A 16519C	ERR188225	A	NA19152	PRJEB3366	L2a1b2	0.9656	True	True	True	True
ERR188292_A	L2a1f	1	0.9564	1-16569	7521A 16192T	73G 146C 150T! 152C 182T! 195C 263G 750G 769A 1018A 1438G 2416C 2706G 2789T 3594T 4104G 4769G 5581G 7028T 7175C 7256T 7274T 7771G 8206A 8701G 8860G 9221G 9540C 10115C 10398G 10873C 11719A 11914A 11944C 12693G 12705T 13590A 13650T 13803G 14566G 14766T 15301A 15326G 15784C 16189C 16223T 16278T 16294T 16309G 16311C! 16390A	310C (localPrivateMutation) 1780C (localPrivateMutation) 8449G (globalPrivateMutation) 9098C (localPrivateMutation) 16182C (hotspot) 16183C (hotspot) 16519C (hotspot)	9098C [I191T| Codon 2 | ATP6 ]	73G 146C 152C 195C 263G 310C 750G 769A 1018A 1438G 1780C 2416C 2706G 2789T 3594T 4104G 4769G 5581G 7028T 7175C 7256T 7274T 7771G 8206A 8449G 8701G 8860G 9098C 9221G 9540C 10115C 10398G 10873C 11719A 11914A 11944C 12693G 12705T 13590A 13650T 13803G 14566G 14766T 15301A 15326G 15784C 16182C 16183C 16189C 16223T 16278T 16294T 16309G 16390A 16519C	ERR188292	A	NA19189	PRJEB3366	L2a1f	0.9731	True	True	True	True
ERR188300_A	H6a1a3	1	0.9419	1-16569		239C 263G 750G 1438G 3915A 4727G 4769G 5785C 8860G 9380A 11253C 15326G 16362C 16482G	310C (localPrivateMutation) 7094C (localPrivateMutation)		239C 263G 310C 750G 1438G 3915A 4727G 4769G 5785C 7094C 8860G 9380A 11253C 15326G 16362C 16482G	ERR188300	A	HG00319	PRJEB3366	H6a1a3	0.9647	True	True	True	True
ERR188311_A	L3e2b8	1	0.9673	1-16569		73G 150T 195C 263G 750G 1438G 2352C 2706G 4769G 7028T 8701G 8860G 9196A 9540C 10398G 10819G 10873C 11719A 12705T 14212C 14766T 14905A 15301A 15326G 16172C 16189C 16223T 16320T	310C (localPrivateMutation) 8730G (localPrivateMutation) 16183C (hotspot) 16519C (hotspot)		73G 150T 195C 263G 310C 750G 1438G 2352C 2706G 4769G 7028T 8701G 8730G 8860G 9196A 9540C 10398G 10819G 10873C 11719A 12705T 14212C 14766T 14905A 15301A 15326G 16172C 16183C 16189C 16223T 16320T 16519C	ERR188311	A	NA18488	PRJEB3366	L3e2b8	0.9816	True	True	True	True
ERR188322_A	L1b1a15	1	0.9862	1-16569	7521A	73G 152C 182T 185T 189G 195C 247A 263G 357G 709A 710C 750G 769A 825A 1018A 1438G! 1738C 2352C 2706G 2758A 2768G 2885C 3308C 3594T 3666A 3693A 4104G 4769G 5036G 5046A 5393C 5655C 6548T 6827C 6989G 7028T 7055G 7146G 7256T 7389C 7867T 8248G 8468T 8655T 8701G 8860G 9540C 10398G 10688A 10810C 10873C 11719A 12519C 12705T 13105G 13506T 13650T 13789C 13880A 14178C 14203G 14560A 14766T 14769G 15077A 15103T 15115C 15301A! 15326G 16126C 16129A! 16187T 16189C 16223T 16264T 16270T 16278T 16293G 16311C	200G (localPrivateMutation) 16497G (localPrivateMutation) 16519C (hotspot)		73G 152C 182T 185T 189G 195C 200G 247A 263G 357G 709A 710C 750G 769A 825A 1018A 1738C 2352C 2706G 2758A 2768G 2885C 3308C 3594T 3666A 3693A 4104G 4769G 5036G 5046A 5393C 5655C 6548T 6827C 6989G 7028T 7055G 7146G 7256T 7389C 7867T 8248G 8468T 8655T 8701G 8860G 9540C 10398G 10688A 10810C 10873C 11719A 12519C 12705T 13105G 13506T 13650T 13789C 13880A 14178C 14203G 14560A 14766T 14769G 15077A 15103T 15115C 15326G 16126C 16187T 16189C 16223T 16264T 16270T 16278T 16293G 16311C 16497G 16519C	ERR188322	A	NA19190	PRJEB3366	L1b1a15	0.9914	True	True	True	True
ERR188325_A	U5a1a1	1	0.9543	1-16569	16192T!	73G 263G 750G 1438G 1700C 2706G 3197C 4769G 5495C 7028T 8860G 9477A 11467G 11719A 12308G 12372A 13617C 14766T 14793G 15218G 15326G 15924G 16192T 16256T 16270T 16399G	7158G (localPrivateMutation) 12441C (localPrivateMutation) 13494T (globalPrivateMutation) 16192T (localPrivateMutation) 16519C (hotspot)	7158G [I419V| Codon 1 | COX1 ]	73G 263G 750G 1438G 1700C 2706G 3197C 4769G 5495C 7028T 7158G 8860G 9477A 11467G 11719A 12308G 12372A 12441C 13494T 13617C 14766T 14793G 15218G 15326G 15924G 16192T 16256T 16270T 16399G 16519C	ERR188325	A	NA06984	PRJEB3366	U5a1a1	0.9543	True	True	True	True
ERR188331_A	H8c	1	0.8364	1-16569		114T 146C 152C 195C 263G 709A 750G 1438G 4769G 8860G 13101C 13711A 15326G 16288C 16362C	310C (localPrivateMutation) 5093C (localPrivateMutation) 11623T (localPrivateMutation) 13752C (localPrivateMutation) 16258G (localPrivateMutation) 16263C (localPrivateMutation)		114T 146C 152C 195C 263G 310C 709A 750G 1438G 4769G 5093C 8860G 11623T 13101C 13711A 13752C 15326G 16258G 16263C 16288C 16362C	ERR188331	A	NA12155	PRJEB3366	H8c	0.8523	True	True	True	True
ERR188351_A	I1a1b	1	0.9802	1-16569	455.1T 573.XC	73G 199C 203A 204C 250C 263G 750G 1438G 1719A 2706G 3447G 3990T 4529T 4769G 6734A 7028T 8251A 8616T 8860G 9947A 9966A! 10034C 10238C 10398G 10915C 11719A 12501A 12705T 13780G 14182C 14766T 15043A 15326G 15924G 16129A 16172C 16223T 16311C 16391A	16519C (hotspot)		73G 199C 203A 204C 250C 263G 750G 1438G 1719A 2706G 3447G 3990T 4529T 4769G 6734A 7028T 8251A 8616T 8860G 9947A 10034C 10238C 10398G 10915C 11719A 12501A 12705T 13780G 14182C 14766T 15043A 15326G 15924G 16129A 16172C 16223T 16311C 16391A 16519C	ERR188351	A	HG00253	PRJEB3366	I1a1b	0.9802	True	True	True	True
ERR188375_A	L3b3	1	0.9882	1-16569	15944d	73G 185A 189G 263G 750G 1438G 2706G 3450T 4769G 5773A 6221C 6527G 7028T 8701G 8860G 9007G 9449T 9540C 10086G 10398G 10873C 11719A 12705T 13105G 13914A 13934T 14182C 14766T 15301A 15311G 15326G 15824G 16048A 16124C 16223T 16278T 16362C	8349T (globalPrivateMutation) 13935G (globalPrivateMutation) 14320G (globalPrivateMutation)		73G 185A 189G 263G 750G 1438G 2706G 3450T 4769G 5773A 6221C 6527G 7028T 8349T 8701G 8860G 9007G 9449T 9540C 10086G 10398G 10873C 11719A 12705T 13105G 13914A 13934T 13935G 14182C 14320G 14766T 15301A 15311G 15326G 15824G 16048A 16124C 16223T 16278T 16362C	ERR188375	A	NA18858	PRJEB3366	L3b3	1.0	True	True	True	True
ERR188394_A	K1a1b1	1	0.9468	1-16569	114T	73G 263G 497T 750G 1189C 1438G 1811G 2706G 3480G 4769G 7028T 8860G 9055A 9698C 10398G 10550G 11299C 11467G 11470G 11719A 11914A 12308G 12372A 14167T 14766T 14798C 15326G 15924G 16093C 16224C 16311C	2628C (localPrivateMutation) 13443C (localPrivateMutation) 16519C (hotspot)		73G 263G 497T 750G 1189C 1438G 1811G 2628C 2706G 3480G 4769G 7028T 8860G 9055A 9698C 10398G 10550G 11299C 11467G 11470G 11719A 11914A 12308G 12372A 13443C 14167T 14766T 14798C 15326G 15924G 16093C 16224C 16311C 16519C	ERR188394	A	NA20813	PRJEB3366	K1a1b1	0.9468	True	True	True	True
ERR188409_A	L1b1a3	1	0.9891	1-16569	7521A	73G 152C 182T 185T 189G 195C 247A 263G 357G 709A 710C 750G 769A 825A 1018A 1438G! 1738C 2352C 2706G 2758A 2768G 2885C 3308C 3594T 3666A 3693A 4104G 4769G 5036G 5046A 5393C 5655C 6548T 6827C 6989G 7028T 7055G 7146G 7256T 7389C 7867T 8248G 8468T 8655T 8701G 8860G 9540C 10398G 10688A 10810C 10873C 11719A 12519C 12705T 13105G 13506T 13650T 13789C 13880A 13980A 14178C 14203G 14560A 14766T 14769G 15115C 15301A! 15326G 16126C 16129A! 16187T 16189C 16223T 16264T 16270T 16278T 16293G 16311C	310C (localPrivateMutation) 16519C (hotspot)		73G 152C 182T 185T 189G 195C 247A 263G 310C 357G 709A 710C 750G 769A 825A 1018A 1738C 2352C 2706G 2758A 2768G 2885C 3308C 3594T 3666A 3693A 4104G 4769G 5036G 5046A 5393C 5655C 6548T 6827C 6989G 7028T 7055G 7146G 7256T 7389C 7867T 8248G 8468T 8655T 8701G 8860G 9540C 10398G 10688A 10810C 10873C 11719A 12519C 12705T 13105G 13506T 13650T 13789C 13880A 13980A 14178C 14203G 14560A 14766T 14769G 15115C 15326G 16126C 16187T 16189C 16223T 16264T 16270T 16278T 16293G 16311C 16519C	ERR188409	A	NA18923	PRJEB3366	L1b1a3	0.9912	True	True	True	True
ERR188414_A	T1	1	0.9516	1-16569		73G 263G 709A 750G 1438G 1888A 2706G 4216C 4769G 4917G 7028T 8697A 8860G 10463C 11251G 11719A 12633A 13368A 14766T 14905A 15326G 15452A 15607G 15928A 16126C 16163G 16189C 16294T	152C (localPrivateMutation) 310C (localPrivateMutation) 6053T (localPrivateMutation) 6368T (globalPrivateMutation) 9899C (localPrivateMutation) 16183C (hotspot) 16519C (hotspot)		73G 152C 263G 310C 709A 750G 1438G 1888A 2706G 4216C 4769G 4917G 6053T 6368T 7028T 8697A 8860G 9899C 10463C 11251G 11719A 12633A 13368A 14766T 14905A 15326G 15452A 15607G 15928A 16126C 16163G 16183C 16189C 16294T 16519C	ERR188414	A	NA12043	PRJEB3366	T1	0.9644	True	True	True	True
ERR188451_A	L2a1c5	1	0.9922	1-16569	7521A	73G 143A 146C 150T! 152C 182T! 195C 263G 750G 769A 1018A 1438G 2416C 2706G 2789T 3010A 3594T 4104G 4769G 6663G 7028T 7175C 7256T 7274T 7771G 8206A 8701G 8860G 9221G 9540C 10115C 10398G 10873C 11719A 11914A 11944C 12693G 12705T 13260C 13590A 13650T 13803G 14566G 14766T 15301A 15326G 15784C 16129A 16223T 16278T 16294T 16309G 16311C! 16390A			73G 143A 146C 152C 195C 263G 750G 769A 1018A 1438G 2416C 2706G 2789T 3010A 3594T 4104G 4769G 6663G 7028T 7175C 7256T 7274T 7771G 8206A 8701G 8860G 9221G 9540C 10115C 10398G 10873C 11719A 11914A 11944C 12693G 12705T 13260C 13590A 13650T 13803G 14566G 14766T 15301A 15326G 15784C 16129A 16223T 16278T 16294T 16309G 16390A	ERR188451	A	NA19149	PRJEB3366	L2a1c5	1.0	True	True	True	True
ERR188454_A	L1b1a3	1	0.9891	1-16569	7521A	73G 152C 182T 185T 189G 195C 247A 263G 357G 709A 710C 750G 769A 825A 1018A 1438G! 1738C 2352C 2706G 2758A 2768G 2885C 3308C 3594T 3666A 3693A 4104G 4769G 5036G 5046A 5393C 5655C 6548T 6827C 6989G 7028T 7055G 7146G 7256T 7389C 7867T 8248G 8468T 8655T 8701G 8860G 9540C 10398G 10688A 10810C 10873C 11719A 12519C 12705T 13105G 13506T 13650T 13789C 13880A 13980A 14178C 14203G 14560A 14766T 14769G 15115C 15301A! 15326G 16126C 16129A! 16187T 16189C 16223T 16264T 16270T 16278T 16293G 16311C	310C (localPrivateMutation) 16519C (hotspot)		73G 152C 182T 185T 189G 195C 247A 263G 310C 357G 709A 710C 750G 769A 825A 1018A 1738C 2352C 2706G 2758A 2768G 2885C 3308C 3594T 3666A 3693A 4104G 4769G 5036G 5046A 5393C 5655C 6548T 6827C 6989G 7028T 7055G 7146G 7256T 7389C 7867T 8248G 8468T 8655T 8701G 8860G 9540C 10398G 10688A 10810C 10873C 11719A 12519C 12705T 13105G 13506T 13650T 13789C 13880A 13980A 14178C 14203G 14560A 14766T 14769G 15115C 15326G 16126C 16187T 16189C 16223T 16264T 16270T 16278T 16293G 16311C 16519C	ERR188454	A	NA19207	PRJEB3366	L1b1a3	1.0	True	True	True	True
ERR188460_A	L3d2b*2	1	0.9887	1-16569		73G 151T 152C 199C 263G 750G 921C 1438G 2706G 3745A 4769G 5147A 7028T 7424G 8618C 8701G 8860G 9540C 10398G 10873C 11719A 12705T 13105G 13191C 13711A 13886C 14215C 14272T 14284T 14584C 14766T 15301A 15326G 16111T 16124C 16223T 16497G	310C (localPrivateMutation) 16519C (hotspot)		73G 151T 152C 199C 263G 310C 750G 921C 1438G 2706G 3745A 4769G 5147A 7028T 7424G 8618C 8701G 8860G 9540C 10398G 10873C 11719A 12705T 13105G 13191C 13711A 13886C 14215C 14272T 14284T 14584C 14766T 15301A 15326G 16111T 16124C 16223T 16497G 16519C	ERR188460	A	NA19153	PRJEB3366	L3d2b*2	1.0	True	True	True	True
ERR204823_A	U4a2	1	0.985	1-16569		73G 195C 263G 310C 499A 750G 1438G 1811G 2706G 4646C 4769G 5999C 6047G 7028T 8818T 8860G 11332T 11467G 11719A 12308G 12372A 14620T 14766T 15326G 15693C 16356C	14687G (localPrivateMutation) 16519C (hotspot)		73G 195C 263G 310C 499A 750G 1438G 1811G 2706G 4646C 4769G 5999C 6047G 7028T 8818T 8860G 11332T 11467G 11719A 12308G 12372A 14620T 14687G 14766T 15326G 15693C 16356C 16519C	ERR204823	A	HG00109	PRJEB3366	U4a2	0.985	True	True	True	True
