run_accession	sample_accession	sample_title	bioproject	role	arm	tissue	library_type	sex	age_class	subject_biopsy	super_pop	pop	library_layout	read_length	read_count	instrument_model	fastq_ftp	fastq_md5	fastq_bytes
ERR188099	SAMEA1573291	NA12843	PRJEB3366	primary	low_mt	lcl	polyA	female	adult		EUR	CEU	PAIRED	75.0	22098584	Illumina HiSeq 2000	ftp.sra.ebi.ac.uk/vol1/fastq/ERR188/ERR188099/ERR188099_1.fastq.gz;ftp.sra.ebi.ac.uk/vol1/fastq/ERR188/ERR188099/ERR188099_2.fastq.gz	67c4e7e628214fdfd687bacbdae53bcc;7e0f4acca70ec758ba4901cc0d03e5bd	1594095581;1609401777
ERR188325	SAMEA1573482	NA06984	PRJEB3366	primary	low_mt	lcl	polyA	male	adult		EUR	CEU	PAIRED	75.0	22136382	Illumina HiSeq 2000	ftp.sra.ebi.ac.uk/vol1/fastq/ERR188/ERR188325/ERR188325_1.fastq.gz;ftp.sra.ebi.ac.uk/vol1/fastq/ERR188/ERR188325/ERR188325_2.fastq.gz	09fc197951e0b99aff4ae056245ac60f;cbffa77f930a6f6e862e8248784e20ef	1622304768;1620506111
ERR188044	SAMEA1573216	NA18498	PRJEB3366	primary	low_mt	lcl	polyA	male	adult		AFR	YRI	PAIRED	76.0	36349964	Illumina HiSeq 2000	ftp.sra.ebi.ac.uk/vol1/fastq/ERR188/ERR188044/ERR188044_1.fastq.gz;ftp.sra.ebi.ac.uk/vol1/fastq/ERR188/ERR188044/ERR188044_2.fastq.gz	75d29217a2477c91bde22d6e71c61df0;3d2a3ace20342c37436b231d7bfee635	2579821104;2575579256
ERR188225	SAMEA1573250	NA19152	PRJEB3366	primary	low_mt	lcl	polyA	female	adult		AFR	YRI	PAIRED	75.0	27759874	Illumina HiSeq 2000	ftp.sra.ebi.ac.uk/vol1/fastq/ERR188/ERR188225/ERR188225_1.fastq.gz;ftp.sra.ebi.ac.uk/vol1/fastq/ERR188/ERR188225/ERR188225_2.fastq.gz	b76042731260d004652be0579cd8f693;f4e4d0e02f1c6de1c28b41c995790fa5	1999340210;2004084422
ERR188214	SAMEA1573293	NA18486	PRJEB3366	primary	low_mt	lcl	polyA	male	adult		AFR	YRI	PAIRED	75.0	47079579	Illumina HiSeq 2000	ftp.sra.ebi.ac.uk/vol1/fastq/ERR188/ERR188214/ERR188214_1.fastq.gz;ftp.sra.ebi.ac.uk/vol1/fastq/ERR188/ERR188214/ERR188214_2.fastq.gz	ff5ab8aa77fc91e394f3dd3121feb975;9bc1148ac0154b4cb9b910489362f0bf	3275680609;3338872612
ERR188039	SAMEA1573377	NA12144	PRJEB3366	primary	low_mt	lcl	polyA	male	adult		EUR	CEU	PAIRED	75.0	31862394	Illumina HiSeq 2000	ftp.sra.ebi.ac.uk/vol1/fastq/ERR188/ERR188039/ERR188039_1.fastq.gz;ftp.sra.ebi.ac.uk/vol1/fastq/ERR188/ERR188039/ERR188039_2.fastq.gz	90195a9a439dbce1013550013f08d50f;5e17018813ef37e9d8cf565005a930a6	2324452438;2348957771
ERR188311	SAMEA1573271	NA18488	PRJEB3366	primary	low_mt	lcl	polyA	female	adult		AFR	YRI	PAIRED	75.0	18240329	Illumina HiSeq 2000	ftp.sra.ebi.ac.uk/vol1/fastq/ERR188/ERR188311/ERR188311_1.fastq.gz;ftp.sra.ebi.ac.uk/vol1/fastq/ERR188/ERR188311/ERR188311_2.fastq.gz	86029d5f7a0e4cf94392babc3cbbd573;5e9f7b204022f25794dd7369ba33182a	1273891014;1268150272
ERR188122	SAMEA1573320	NA11894	PRJEB3366	primary	low_mt	lcl	polyA	female	adult		EUR	CEU	PAIRED	76.0	32581294	Illumina HiSeq 2000	ftp.sra.ebi.ac.uk/vol1/fastq/ERR188/ERR188122/ERR188122_1.fastq.gz;ftp.sra.ebi.ac.uk/vol1/fastq/ERR188/ERR188122/ERR188122_2.fastq.gz	0913c98b1ba28c3b7bbd091677809424;7f259c5f2ba8d12072cfa191411117b8	2249149265;2267577676
ERR188300	SAMEA1573340	HG00319	PRJEB3366	primary	low_mt	lcl	polyA	female	adult		EUR	FIN	PAIRED	75.0	25836509	Illumina HiSeq 2000	ftp.sra.ebi.ac.uk/vol1/fastq/ERR188/ERR188300/ERR188300_1.fastq.gz;ftp.sra.ebi.ac.uk/vol1/fastq/ERR188/ERR188300/ERR188300_2.fastq.gz	0c19b60e199efbc69358b2b1a178e2c7;4e87445713086a0c85efb36960a766bc	1804175351;1799570755
ERR188375	SAMEA1573192	NA18858	PRJEB3366	primary	low_mt	lcl	polyA	female	adult		AFR	YRI	PAIRED	76.0	29120126	Illumina HiSeq 2000	ftp.sra.ebi.ac.uk/vol1/fastq/ERR188/ERR188375/ERR188375_1.fastq.gz;ftp.sra.ebi.ac.uk/vol1/fastq/ERR188/ERR188375/ERR188375_2.fastq.gz	ae31a448bfc1327307db4bcd210b3577;ebdf651d1502d5d4ae7735f64a26dc59	2129954169;2136860857
ERR204823	SAMEA1573452	HG00109	PRJEB3366	primary	low_mt	lcl	polyA	male	adult		EUR	GBR	PAIRED	75.0	20213429	Illumina HiSeq 2000	ftp.sra.ebi.ac.uk/vol1/fastq/ERR204/ERR204823/ERR204823_1.fastq.gz;ftp.sra.ebi.ac.uk/vol1/fastq/ERR204/ERR204823/ERR204823_2.fastq.gz	2a251117621cb0d3cf34f7427117edc1;d25bfd93990a252d722101154192fa7f	1404633312;1412049913
ERR188454	SAMEA1573439	NA19207	PRJEB3366	primary	low_mt	lcl	polyA	male	adult		AFR	YRI	PAIRED	75.0	28880042	Illumina HiSeq 2000	ftp.sra.ebi.ac.uk/vol1/fastq/ERR188/ERR188454/ERR188454_1.fastq.gz;ftp.sra.ebi.ac.uk/vol1/fastq/ERR188/ERR188454/ERR188454_2.fastq.gz	e4110881c6c22b5c958792a1a5528481;dcdfe7754a3d4e9df5492bb33f54e2e2	2070837827;2062025794
ERR188096	SAMEA1573337	NA18933	PRJEB3366	primary	low_mt	lcl	polyA	female	adult		AFR	YRI	PAIRED	75.0	23496405	Illumina HiSeq 2000	ftp.sra.ebi.ac.uk/vol1/fastq/ERR188/ERR188096/ERR188096_1.fastq.gz;ftp.sra.ebi.ac.uk/vol1/fastq/ERR188/ERR188096/ERR188096_2.fastq.gz	d7c1a8517d6cf1cb3553349bb3d4932a;a7ec21a34cebd9a61cd3708546a8fa34	1777041806;1791524358
ERR188061	SAMEA1573252	NA12761	PRJEB3366	primary	low_mt	lcl	polyA	female	adult		EUR	CEU	PAIRED	75.0	29959483	Illumina HiSeq 2000	ftp.sra.ebi.ac.uk/vol1/fastq/ERR188/ERR188061/ERR188061_1.fastq.gz;ftp.sra.ebi.ac.uk/vol1/fastq/ERR188/ERR188061/ERR188061_2.fastq.gz	2f48c2eaa43b5457e546d7f9a9b892b0;6facf7fd65abadf9a9682c0ce5fe1642	2080330902;2097624397
ERR188055	SAMEA1573329	NA19171	PRJEB3366	primary	low_mt	lcl	polyA	male	adult		AFR	YRI	PAIRED	75.0	36073736	Illumina HiSeq 2000	ftp.sra.ebi.ac.uk/vol1/fastq/ERR188/ERR188055/ERR188055_1.fastq.gz;ftp.sra.ebi.ac.uk/vol1/fastq/ERR188/ERR188055/ERR188055_2.fastq.gz	8ddf5a3b5f07b5f923401bd8f2f38096;effdbf165d4df37093d2eb88c633898b	2533441394;2546606644
ERR188065	SAMEA1573084	HG00149	PRJEB3366	primary	low_mt	lcl	polyA	male	adult		EUR	GBR	PAIRED	75.0	30871023	Illumina HiSeq 2000	ftp.sra.ebi.ac.uk/vol1/fastq/ERR188/ERR188065/ERR188065_1.fastq.gz;ftp.sra.ebi.ac.uk/vol1/fastq/ERR188/ERR188065/ERR188065_2.fastq.gz	7788d2fd0fc8574c3462f83c8f769d31;5de44bdb5011ff2bccf5415b0a7ecc0c	2200351902;2231455619
ERR188451	SAMEA1573426	NA19149	PRJEB3366	primary	low_mt	lcl	polyA	female	adult		AFR	YRI	PAIRED	75.0	26449911	Illumina HiSeq 2000	ftp.sra.ebi.ac.uk/vol1/fastq/ERR188/ERR188451/ERR188451_1.fastq.gz;ftp.sra.ebi.ac.uk/vol1/fastq/ERR188/ERR188451/ERR188451_2.fastq.gz	9bd6ea142d242c9f021206f59ccdcc1c;f7b23e208ffec29928c0692496074a18	1997755187;2015725104
ERR188409	SAMEA1573243	NA18923	PRJEB3366	primary	low_mt	lcl	polyA	male	adult		AFR	YRI	PAIRED	76.0	31415733	Illumina HiSeq 2000	ftp.sra.ebi.ac.uk/vol1/fastq/ERR188/ERR188409/ERR188409_1.fastq.gz;ftp.sra.ebi.ac.uk/vol1/fastq/ERR188/ERR188409/ERR188409_2.fastq.gz	f07f299de263964511203f1a0a1f5432;b96f1592d5d9465b591258795b1d3ae9	2384900664;2398191554
ERR188331	SAMEA1573458	NA12155	PRJEB3366	primary	low_mt	lcl	polyA	male	adult		EUR	CEU	PAIRED	75.0	22168918	Illumina HiSeq 2000	ftp.sra.ebi.ac.uk/vol1/fastq/ERR188/ERR188331/ERR188331_1.fastq.gz;ftp.sra.ebi.ac.uk/vol1/fastq/ERR188/ERR188331/ERR188331_2.fastq.gz	e16891fb5fd255c197b5fed7c616080e;5e884f307be8f33da205599208385a3d	1603985835;1604675792
ERR188351	SAMEA1573322	HG00253	PRJEB3366	primary	low_mt	lcl	polyA	female	adult		EUR	GBR	PAIRED	75.0	34599469	Illumina HiSeq 2000	ftp.sra.ebi.ac.uk/vol1/fastq/ERR188/ERR188351/ERR188351_1.fastq.gz;ftp.sra.ebi.ac.uk/vol1/fastq/ERR188/ERR188351/ERR188351_2.fastq.gz	71f2bd87d1e5d884a03f6877d30b0651;3161f919ed489543435f89f3b1584c17	2468368525;2472663257
ERR188414	SAMEA1573114	NA12043	PRJEB3366	primary	low_mt	lcl	polyA	male	adult		EUR	CEU	PAIRED	76.0	29429366	Illumina HiSeq 2000	ftp.sra.ebi.ac.uk/vol1/fastq/ERR188/ERR188414/ERR188414_1.fastq.gz;ftp.sra.ebi.ac.uk/vol1/fastq/ERR188/ERR188414/ERR188414_2.fastq.gz	4a9ae2ea49c5350effc4fadd48328215;4ecb7dd0d1c0121d3863cf0328ae1135	1908721061;1896642684
ERR188043	SAMEA1573132	HG00384	PRJEB3366	primary	low_mt	lcl	polyA	female	adult		EUR	FIN	PAIRED	76.0	41065233	Illumina HiSeq 2000	ftp.sra.ebi.ac.uk/vol1/fastq/ERR188/ERR188043/ERR188043_1.fastq.gz;ftp.sra.ebi.ac.uk/vol1/fastq/ERR188/ERR188043/ERR188043_2.fastq.gz	01efc176764853aed69851e29adf31d2;4ccd953d0e2ae6e62b40c42614acb1ed	2972274180;2990091795
ERR188158	SAMEA1573209	NA18502	PRJEB3366	primary	low_mt	lcl	polyA	female	adult		AFR	YRI	PAIRED	75.0	56870036	Illumina HiSeq 2000	ftp.sra.ebi.ac.uk/vol1/fastq/ERR188/ERR188158/ERR188158_1.fastq.gz;ftp.sra.ebi.ac.uk/vol1/fastq/ERR188/ERR188158/ERR188158_2.fastq.gz	580443c6e0a41d297c8c02e2695d096a;97767571257458ad74b0408095845bd4	4113232184;4125171632
ERR188292	SAMEA1573427	NA19189	PRJEB3366	primary	low_mt	lcl	polyA	male	adult		AFR	YRI	PAIRED	75.0	33381955	Illumina HiSeq 2000	ftp.sra.ebi.ac.uk/vol1/fastq/ERR188/ERR188292/ERR188292_1.fastq.gz;ftp.sra.ebi.ac.uk/vol1/fastq/ERR188/ERR188292/ERR188292_2.fastq.gz	9137de3e9bc6b3c882f4a99158bf01f4;63a2a1b8f84598c58b12843870d3cc9b	2367482928;2374575913
ERR188394	SAMEA1573325	NA20813	PRJEB3366	primary	low_mt	lcl	polyA	female	adult		EUR	TSI	PAIRED	75.0	34016371	Illumina HiSeq 2000	ftp.sra.ebi.ac.uk/vol1/fastq/ERR188/ERR188394/ERR188394_1.fastq.gz;ftp.sra.ebi.ac.uk/vol1/fastq/ERR188/ERR188394/ERR188394_2.fastq.gz	7d813a6505ded85aaa4bee6e42c30bdd;5cd67e6483d83a9bdf23c75be2972ec5	2372032377;2396983841
ERR188460	SAMEA1573488	NA19153	PRJEB3366	primary	low_mt	lcl	polyA	male	adult		AFR	YRI	PAIRED	75.0	35770368	Illumina HiSeq 2000	ftp.sra.ebi.ac.uk/vol1/fastq/ERR188/ERR188460/ERR188460_1.fastq.gz;ftp.sra.ebi.ac.uk/vol1/fastq/ERR188/ERR188460/ERR188460_2.fastq.gz	97499351767215d95803d866e20ec6a5;73969bd85a5dc4ed4104dbe4ebf038e9	2575459113;2600055572
ERR188047	SAMEA1573294	NA06994	PRJEB3366	primary	low_mt	lcl	polyA	male	adult		EUR	CEU	PAIRED	76.0	37875642	Illumina HiSeq 2000	ftp.sra.ebi.ac.uk/vol1/fastq/ERR188/ERR188047/ERR188047_1.fastq.gz;ftp.sra.ebi.ac.uk/vol1/fastq/ERR188/ERR188047/ERR188047_2.fastq.gz	1ee5141a6e25b157945146873c9dbf7e;300a284ea239de84003a42788e38e5a2	2826320378;2857708107
ERR188322	SAMEA1573105	NA19190	PRJEB3366	primary	low_mt	lcl	polyA	female	adult		AFR	YRI	PAIRED	75.0	28704909	Illumina HiSeq 2000	ftp.sra.ebi.ac.uk/vol1/fastq/ERR188/ERR188322/ERR188322_1.fastq.gz;ftp.sra.ebi.ac.uk/vol1/fastq/ERR188/ERR188322/ERR188322_2.fastq.gz	47315523e6a2fbcf7686e6f2891770a8;c8684361ec3dbbb2d82ce0c1f1d0d493	2035605976;2022446029
ERR188097	SAMEA1573228	NA18511	PRJEB3366	primary	low_mt	lcl	polyA	female	adult		AFR	YRI	PAIRED	75.0	53793587	Illumina HiSeq 2000	ftp.sra.ebi.ac.uk/vol1/fastq/ERR188/ERR188097/ERR188097_1.fastq.gz;ftp.sra.ebi.ac.uk/vol1/fastq/ERR188/ERR188097/ERR188097_2.fastq.gz	c38d20682763b0a44d926350deb6386a;57020c0858e6875e8ef8c36c584d12f1	3854914368;3880733377
ERR188045	SAMEA1573276	HG00321	PRJEB3366	primary	low_mt	lcl	polyA	male	adult		EUR	FIN	PAIRED	76.0	31571991	Illumina HiSeq 2000	ftp.sra.ebi.ac.uk/vol1/fastq/ERR188/ERR188045/ERR188045_1.fastq.gz;ftp.sra.ebi.ac.uk/vol1/fastq/ERR188/ERR188045/ERR188045_2.fastq.gz	c49acf0faed37a8ec2e9484198a8329b;5662a651378486f242a5d4131003b778	2350625335;2373103218
SRR27179070	SAMN38766797	VAS331-1B	PRJNA1051137	replication	high_mt	skeletal_muscle	polyA	male	young	VAS331-1B			PAIRED	101.0	42683207	Illumina NovaSeq 6000	ftp.sra.ebi.ac.uk/vol1/fastq/SRR271/070/SRR27179070/SRR27179070_1.fastq.gz;ftp.sra.ebi.ac.uk/vol1/fastq/SRR271/070/SRR27179070/SRR27179070_2.fastq.gz	a0261d3fd97f1dc65a7e7aaa6818ed18;5a2f5aaa9bb1533ef393b24e80214fab	1449104097;1264948879
SRR27179128	SAMN38766831	RIE102-1B	PRJNA1051137	replication	high_mt	skeletal_muscle	polyA	male	older	RIE102-1B			PAIRED	101.0	56519132	Illumina NovaSeq 6000	ftp.sra.ebi.ac.uk/vol1/fastq/SRR271/028/SRR27179128/SRR27179128_1.fastq.gz;ftp.sra.ebi.ac.uk/vol1/fastq/SRR271/028/SRR27179128/SRR27179128_2.fastq.gz	a7fa7dd725558a38383ea544db929379;7ac496da8b9fb9ead4282864057e80ca	1860817376;1722623367
SRR27179223	SAMN38766792	VU819-1B	PRJNA1051137	replication	high_mt	skeletal_muscle	polyA	female	young	VU819-1B			PAIRED	101.0	49630713	Illumina NovaSeq 6000	ftp.sra.ebi.ac.uk/vol1/fastq/SRR271/023/SRR27179223/SRR27179223_1.fastq.gz;ftp.sra.ebi.ac.uk/vol1/fastq/SRR271/023/SRR27179223/SRR27179223_2.fastq.gz	063bcaf85eec9e2d06b0b730a791fa14;7de255107d35aaa29668a5a58f68a2ce	1481818547;1586200345
SRR27179207	SAMN38766958	ARM897-1B	PRJNA1051137	replication	high_mt	skeletal_muscle	polyA	female	older	ARM897-1B			PAIRED	101.0	56485405	Illumina NovaSeq 6000	ftp.sra.ebi.ac.uk/vol1/fastq/SRR271/007/SRR27179207/SRR27179207_1.fastq.gz;ftp.sra.ebi.ac.uk/vol1/fastq/SRR271/007/SRR27179207/SRR27179207_2.fastq.gz	b965f1fc87f585ead6062595ffc236e5;12aeb04fa34540af6642061890710f7d	1754564283;1851213866
SRR27179235	SAMN38766900	DUD877-1B	PRJNA1051137	replication	high_mt	skeletal_muscle	polyA	male	young	DUD877-1B			PAIRED	101.0	51001656	Illumina NovaSeq 6000	ftp.sra.ebi.ac.uk/vol1/fastq/SRR271/035/SRR27179235/SRR27179235_1.fastq.gz;ftp.sra.ebi.ac.uk/vol1/fastq/SRR271/035/SRR27179235/SRR27179235_2.fastq.gz	d40f7bd62183355671d11f8adf44f367;f967bd97200f1e514b58f00cf7d855ef	1621230109;1606936761
SRR27179099	SAMN38766874	HOO343-1B	PRJNA1051137	replication	high_mt	skeletal_muscle	polyA	male	older	HOO343-1B			PAIRED	101.0	48222428	Illumina NovaSeq 6000	ftp.sra.ebi.ac.uk/vol1/fastq/SRR271/099/SRR27179099/SRR27179099_1.fastq.gz;ftp.sra.ebi.ac.uk/vol1/fastq/SRR271/099/SRR27179099/SRR27179099_2.fastq.gz	474904bddcd81c198780f5da623c7fa0;f33fbcae609d9a3408d1f3e9d88fc0e4	1502538827;1453377073
SRR27179078	SAMN38766805	THO540-1B	PRJNA1051137	replication	high_mt	skeletal_muscle	polyA	female	young	THO540-1B			PAIRED	101.0	69272826	Illumina NovaSeq 6000	ftp.sra.ebi.ac.uk/vol1/fastq/SRR271/078/SRR27179078/SRR27179078_1.fastq.gz;ftp.sra.ebi.ac.uk/vol1/fastq/SRR271/078/SRR27179078/SRR27179078_2.fastq.gz	39a05f3608df2c45f5e2fca7954a3adc;a29626fd94dfcb4db76aeec6d68450e7	2091954412;2187623160
SRR27179124	SAMN38766827	RYD039-1B	PRJNA1051137	replication	high_mt	skeletal_muscle	polyA	female	older	RYD039-1B			PAIRED	101.0	61898906	Illumina NovaSeq 6000	ftp.sra.ebi.ac.uk/vol1/fastq/SRR271/024/SRR27179124/SRR27179124_1.fastq.gz;ftp.sra.ebi.ac.uk/vol1/fastq/SRR271/024/SRR27179124/SRR27179124_2.fastq.gz	f8586bc89427b2bb1cdc98bf3d2f8841;420c74d5c80dac1ced8e23d7821976fc	1865507047;1994663603
SRR27179092	SAMN38766819	SIE949-1B	PRJNA1051137	replication	high_mt	skeletal_muscle	polyA	female	older	SIE949-1B			PAIRED	101.0	55501449	Illumina NovaSeq 6000	ftp.sra.ebi.ac.uk/vol1/fastq/SRR271/092/SRR27179092/SRR27179092_1.fastq.gz;ftp.sra.ebi.ac.uk/vol1/fastq/SRR271/092/SRR27179092/SRR27179092_2.fastq.gz	af277d1e42096bca592a1b3e29926c9c;6c2af2ccb9ea62aa8ff6c468367b94d3	1672237876;1767528652
SRR27179148	SAMN38766923	CLO122-1B	PRJNA1051137	replication	high_mt	skeletal_muscle	polyA	male	older	CLO122-1B			PAIRED	101.0	61482983	Illumina NovaSeq 6000	ftp.sra.ebi.ac.uk/vol1/fastq/SRR271/048/SRR27179148/SRR27179148_1.fastq.gz;ftp.sra.ebi.ac.uk/vol1/fastq/SRR271/048/SRR27179148/SRR27179148_2.fastq.gz	00c8b105908ae0188e0579bb575b01ee;53154d2e879296116b95fc0f129ef281	2265641141;1818290785
SRR27179090	SAMN38766817	SIM306-1B	PRJNA1051137	replication	high_mt	skeletal_muscle	polyA	female	young	SIM306-1B			PAIRED	101.0	54866982	Illumina NovaSeq 6000	ftp.sra.ebi.ac.uk/vol1/fastq/SRR271/090/SRR27179090/SRR27179090_1.fastq.gz;ftp.sra.ebi.ac.uk/vol1/fastq/SRR271/090/SRR27179090/SRR27179090_2.fastq.gz	660a156ff0132f1ff4eb474a9d18e142;d04f678ca1c25bb8be8dae944425374e	1642448317;1757503087
SRR27179170	SAMN38766849	NOB524-1B	PRJNA1051137	replication	high_mt	skeletal_muscle	polyA	male	young	NOB524-1B			PAIRED	101.0	46762132	Illumina NovaSeq 6000	ftp.sra.ebi.ac.uk/vol1/fastq/SRR271/070/SRR27179170/SRR27179170_1.fastq.gz;ftp.sra.ebi.ac.uk/vol1/fastq/SRR271/070/SRR27179170/SRR27179170_2.fastq.gz	303a60ab7d49ca4fe4a499b08d0a68ec;e515ce2f40dc2debe4c6cfa8e77181ce	1449143145;1524686927
SRR27179086	SAMN38766813	SOG782-1B	PRJNA1051137	replication	high_mt	skeletal_muscle	polyA	female	older	SOG782-1B			PAIRED	101.0	57757920	Illumina NovaSeq 6000	ftp.sra.ebi.ac.uk/vol1/fastq/SRR271/086/SRR27179086/SRR27179086_1.fastq.gz;ftp.sra.ebi.ac.uk/vol1/fastq/SRR271/086/SRR27179086/SRR27179086_2.fastq.gz	c90023b9373fb61753f0426c767ee838;3d8eebf76443e638f860552a0bcbe26f	1732785483;1816975932
SRR27179135	SAMN38766838	POI944-1B	PRJNA1051137	replication	high_mt	skeletal_muscle	polyA	male	young	POI944-1B			PAIRED	101.0	60267900	Illumina NovaSeq 6000	ftp.sra.ebi.ac.uk/vol1/fastq/SRR271/035/SRR27179135/SRR27179135_1.fastq.gz;ftp.sra.ebi.ac.uk/vol1/fastq/SRR271/035/SRR27179135/SRR27179135_2.fastq.gz	be7632844c37a83c73142887e1b3b955;71e3d4a747138651099cc7f550f1ae8d	1783715516;1913517581
SRR27179193	SAMN38766944	BIL937-1B	PRJNA1051137	replication	high_mt	skeletal_muscle	polyA	female	young	BIL937-1B			PAIRED	101.0	59042453	Illumina NovaSeq 6000	ftp.sra.ebi.ac.uk/vol1/fastq/SRR271/093/SRR27179193/SRR27179193_1.fastq.gz;ftp.sra.ebi.ac.uk/vol1/fastq/SRR271/093/SRR27179193/SRR27179193_2.fastq.gz	1089fb2b34c3be419e3bcb5e29db7e4f;4cd723b80455ed0a53fa05460b6623bb	1765506140;1850229822
SRR27179199	SAMN38766950	BEL997-1B	PRJNA1051137	replication	high_mt	skeletal_muscle	polyA	male	older	BEL997-1B			PAIRED	101.0	56034825	Illumina NovaSeq 6000	ftp.sra.ebi.ac.uk/vol1/fastq/SRR271/099/SRR27179199/SRR27179199_1.fastq.gz;ftp.sra.ebi.ac.uk/vol1/fastq/SRR271/099/SRR27179199/SRR27179199_2.fastq.gz	a4480dc9ea3c348e99c11f465331f8f1;dda6d951a0ae21b10b8bafe6ef577038	1689354461;1794780204
SRR27179111	SAMN38766886	HAL405-1B	PRJNA1051137	replication	high_mt	skeletal_muscle	polyA	male	young	HAL405-1B			PAIRED	101.0	56764075	Illumina NovaSeq 6000	ftp.sra.ebi.ac.uk/vol1/fastq/SRR271/011/SRR27179111/SRR27179111_1.fastq.gz;ftp.sra.ebi.ac.uk/vol1/fastq/SRR271/011/SRR27179111/SRR27179111_2.fastq.gz	bebe992607bacf84085904d1ad2e9b4f;a2becb3e88048ce6f1d06d51e2698a1d	1639909112;1762995754
SRR27179075	SAMN38766802	TOB905-1B	PRJNA1051137	replication	high_mt	skeletal_muscle	polyA	female	older	TOB905-1B			PAIRED	101.0	65996766	Illumina NovaSeq 6000	ftp.sra.ebi.ac.uk/vol1/fastq/SRR271/075/SRR27179075/SRR27179075_1.fastq.gz;ftp.sra.ebi.ac.uk/vol1/fastq/SRR271/075/SRR27179075/SRR27179075_2.fastq.gz	f8bc2c6a29d4d900581aa07e1c1dc62a;50e91b7b3de86078af9d9c991ab22bfe	2057424215;2044767923
SRR27179220	SAMN38766789	WAL360-1B	PRJNA1051137	replication	high_mt	skeletal_muscle	polyA	male	older	WAL360-1B			PAIRED	101.0	56506857	Illumina NovaSeq 6000	ftp.sra.ebi.ac.uk/vol1/fastq/SRR271/020/SRR27179220/SRR27179220_1.fastq.gz;ftp.sra.ebi.ac.uk/vol1/fastq/SRR271/020/SRR27179220/SRR27179220_2.fastq.gz	3a705e9f91bd50e01b58d43220ca7142;ce1731efd3b15a1972e1bacb6a482db6	1683371296;1796310036
SRR27179144	SAMN38766919	CUR267-1B	PRJNA1051137	replication	high_mt	skeletal_muscle	polyA	female	young	CUR267-1B			PAIRED	101.0	64948002	Illumina NovaSeq 6000	ftp.sra.ebi.ac.uk/vol1/fastq/SRR271/044/SRR27179144/SRR27179144_1.fastq.gz;ftp.sra.ebi.ac.uk/vol1/fastq/SRR271/044/SRR27179144/SRR27179144_2.fastq.gz	efd270b7df1fc7caf2c8a75c7f22a186;a9913083f7fa3304ad606f559d18fb42	1929561274;2086232628
SRR27179168	SAMN38766847	PAR397-1B	PRJNA1051137	replication	high_mt	skeletal_muscle	polyA	male	older	PAR397-1B			PAIRED	101.0	56101991	Illumina NovaSeq 6000	ftp.sra.ebi.ac.uk/vol1/fastq/SRR271/068/SRR27179168/SRR27179168_1.fastq.gz;ftp.sra.ebi.ac.uk/vol1/fastq/SRR271/068/SRR27179168/SRR27179168_2.fastq.gz	5411d1fb562fd9753b7c5649623e7205;162387a4da2c36bcff16b3451af92070	1692362926;1786169553
SRR27179146	SAMN38766921	COR775-1B	PRJNA1051137	replication	high_mt	skeletal_muscle	polyA	female	older	COR775-1B			PAIRED	101.0	54928315	Illumina NovaSeq 6000	ftp.sra.ebi.ac.uk/vol1/fastq/SRR271/046/SRR27179146/SRR27179146_1.fastq.gz;ftp.sra.ebi.ac.uk/vol1/fastq/SRR271/046/SRR27179146/SRR27179146_2.fastq.gz	44cc7296af571d123c75362b7bcc7e35;e9f78a4f67cf8c083381910e44ea04cd	1632421461;1772200362
SRR27179251	SAMN38766964	AFZ519-1B	PRJNA1051137	replication	high_mt	skeletal_muscle	polyA	male	young	AFZ519-1B			PAIRED	101.0	57927336	Illumina NovaSeq 6000	ftp.sra.ebi.ac.uk/vol1/fastq/SRR271/051/SRR27179251/SRR27179251_1.fastq.gz;ftp.sra.ebi.ac.uk/vol1/fastq/SRR271/051/SRR27179251/SRR27179251_2.fastq.gz	26aeea79442ccefae73d20512c52e855;39ca037ea8ac1d2589cb24e72275e125	1720267534;1780053310
SRR27179084	SAMN38766811	SOR358-1B	PRJNA1051137	replication	high_mt	skeletal_muscle	polyA	female	young	SOR358-1B			PAIRED	101.0	68833517	Illumina NovaSeq 6000	ftp.sra.ebi.ac.uk/vol1/fastq/SRR271/084/SRR27179084/SRR27179084_1.fastq.gz;ftp.sra.ebi.ac.uk/vol1/fastq/SRR271/084/SRR27179084/SRR27179084_2.fastq.gz	3fee5dd7d23f05c7921d07b98240a34b;24a629f7a47e19c8c218e87caf569f4f	2306931526;2106949468
SRR27179201	SAMN38766952	BEC999-1B	PRJNA1051137	replication	high_mt	skeletal_muscle	polyA	male	older	BEC999-1B			PAIRED	101.0	63637561	Illumina NovaSeq 6000	ftp.sra.ebi.ac.uk/vol1/fastq/SRR271/001/SRR27179201/SRR27179201_1.fastq.gz;ftp.sra.ebi.ac.uk/vol1/fastq/SRR271/001/SRR27179201/SRR27179201_2.fastq.gz	f38fad1391e81bb94c3383804a91699d;93c9b17f35392a8c722a1518964c424b	1915701077;1963971565
SRR27179097	SAMN38766872	HOO917-1B	PRJNA1051137	replication	high_mt	skeletal_muscle	polyA	female	older	HOO917-1B			PAIRED	101.0	49720867	Illumina NovaSeq 6000	ftp.sra.ebi.ac.uk/vol1/fastq/SRR271/097/SRR27179097/SRR27179097_1.fastq.gz;ftp.sra.ebi.ac.uk/vol1/fastq/SRR271/097/SRR27179097/SRR27179097_2.fastq.gz	3df408c03d627a723bac5855b753ea44;d050e1a7e7ddaabda3808cad5bf8a4c3	1504581583;1613849632
SRR27179196	SAMN38766947	BER395-1B	PRJNA1051137	replication	high_mt	skeletal_muscle	polyA	male	young	BER395-1B			PAIRED	101.0	58137553	Illumina NovaSeq 6000	ftp.sra.ebi.ac.uk/vol1/fastq/SRR271/096/SRR27179196/SRR27179196_1.fastq.gz;ftp.sra.ebi.ac.uk/vol1/fastq/SRR271/096/SRR27179196/SRR27179196_2.fastq.gz	d0b6404ca96581f7906d160d6a81f9d4;73a6748dc4e7a736e2dc6e20fde21524	2001121130;1823110442
SRR27179118	SAMN38766821	SEN231-1B	PRJNA1051137	replication	high_mt	skeletal_muscle	polyA	female	young	SEN231-1B			PAIRED	101.0	49062369	Illumina NovaSeq 6000	ftp.sra.ebi.ac.uk/vol1/fastq/SRR271/018/SRR27179118/SRR27179118_1.fastq.gz;ftp.sra.ebi.ac.uk/vol1/fastq/SRR271/018/SRR27179118/SRR27179118_2.fastq.gz	6f09e922ab7a3c92f09b753db8fbf3cc;740ff7000ff589a81bcacb687aabd782	1536742241;1562618282
SRR27179229	SAMN38766894	EGG745-1B	PRJNA1051137	replication	high_mt	skeletal_muscle	polyA	male	older	EGG745-1B			PAIRED	101.0	50377020	Illumina NovaSeq 6000	ftp.sra.ebi.ac.uk/vol1/fastq/SRR271/029/SRR27179229/SRR27179229_1.fastq.gz;ftp.sra.ebi.ac.uk/vol1/fastq/SRR271/029/SRR27179229/SRR27179229_2.fastq.gz	aec9c551fa1dd587fe047bc55d39d7c7;a0a475d244690ea86d7db28ae08955ed	1554671099;1551957137
SRR27179238	SAMN38766903	DOW515-1B	PRJNA1051137	replication	high_mt	skeletal_muscle	polyA	male	young	DOW515-1B			PAIRED	101.0	45102775	Illumina NovaSeq 6000	ftp.sra.ebi.ac.uk/vol1/fastq/SRR271/038/SRR27179238/SRR27179238_1.fastq.gz;ftp.sra.ebi.ac.uk/vol1/fastq/SRR271/038/SRR27179238/SRR27179238_2.fastq.gz	4720a9c3942e5e28e0624c68e51e2a78;8e6016b60d321baa86e44f0591d7f99d	1347116162;1436252060
